1,Marketing Assistant
2,VP Sales
3,Biostatistician IV
4,Account Representative II
5,VP Marketing
6,Environmental Specialist
7,Software Consultant
8,Office Assistant III
9,Information Systems Manager
10,Desktop Support Technician
11,Financial Advisor
12,Computer Systems Analyst I
13,Automation Specialist IV
14,Help Desk Technician
15,Office Assistant II
16,VP Quality Control
17,Office Assistant IV
18,Financial Analyst
19,Electrical Engineer
20,Chemical Engineer
21,Social Worker
22,VP Product Management
23,Administrative Officer
24,Paralegal
25,Actuary